Fondnr;Fondnamn;Köpkurs;Säljkurs;Kursdatum 
865063;abrdn SICAV I - Europe ex UK Sustainable Equity Fund A;    230,16;  230,13;2023-08-14
367698;abrdn SICAV I - European Sustainable Equity Fund A;    874,87;  874,76;2023-08-14
848069;abrdn SICAV I - Global Innovation Equity Fund A;     84,19;   84,18;2023-08-14
192146;abrdn SICAV I - Japanese Smaller Companies Sustainable Equity Fund A;    140,63;  140,60;2023-08-14
757575;abrdn SICAV I - Japanese Sustainable Equity Fund A;     46,99;   46,98;2023-08-14
900894;abrdn SICAV I - Select Euro High Yield Bond A;    281,02;  280,99;2023-08-14
938845;AGCM Fund- Asia Growth Sub- Fund RC;    198,84;  198,84;2023-08-11
897520;AIFM Proethos fond;    202,46;  202,46;2023-08-14
182584;Aktia Capital Placeringsfond B;     50,47;   50,47;2023-08-14
339473;Aktia Nordic Small Cap Placeringsfond B;     44,03;   44,02;2023-08-14
308908;Aktie-Ansvar Avkastningsfond A;    118,41;  118,41;2023-08-14
344739;Aktie-Ansvar Sverige A;    796,87;  796,87;2023-08-14
528894;Aktiespararna Direktavkastning;    179,96;  179,96;2023-08-14
290072;Aktiespararna Topp Sverige Hållbar;     26,02;   26,02;2023-08-14
147348;Alfred Berg Aktiv C;   2481,76; 2480,80;2023-08-14
183178;Alfred Berg Norge C;   1445,13; 1444,57;2023-08-14
111518;Alfred Berg Obligasjon C;    116,71;  116,66;2023-08-14
933359;Allianz China A-shares AT;    116,98;  116,96;2023-08-14
753731;Allianz China Equity A;    571,04;  570,96;2023-08-14
717900;Allianz Euro High Yield Bond A;   1252,12; 1251,96;2023-08-14
538751;Allianz Europe Small Cap Equity AT;   3412,19; 3411,76;2023-08-14
273839;Allianz Global Equity Growth AT;    114,95;  114,94;2023-08-14
502922;Allianz Global Metals and Mining A;    695,69;  695,60;2023-08-14
878694;Allianz Global Water AT;   1834,91; 1834,67;2023-08-14
309666;Allianz Pet and Animal Wellbeing AT;     86,73;   86,72;2023-08-14
823096;AMF Aktiefond Asien Stilla Havet;    288,36;  288,36;2023-08-14
538462;AMF Aktiefond Europa;    320,84;  320,84;2023-08-14
908277;AMF Aktiefond Global;    327,90;  327,90;2023-08-14
520692;AMF Aktiefond Nordamerika;    563,87;  563,87;2023-08-14
269357;AMF Aktiefond Småbolag;   1075,81; 1075,81;2023-08-14
681783;AMF Aktiefond Sverige;    786,50;  786,50;2023-08-14
645952;AMF Aktiefond Världen;    605,87;  605,87;2023-08-14
610121;AMF Balansfond;    360,59;  360,59;2023-08-14
305185;AMF Räntefond Kort;    112,88;  112,88;2023-08-14
574293;AMF Räntefond Lång;    140,44;  140,44;2023-08-14
265512;AMF Räntefond Mix;    107,57;  107,57;2023-08-14
791863;Amundi Funds Global Equity Conservative A2;   1319,48; 1319,29;2023-08-11
174490;Amundi Funds Japan Equity Value A2;   1245,91; 1245,74;2023-08-10
756031;Amundi Funds Latin America Equity A2;   5696,92; 5696,12;2023-08-11
720201;Amundi Funds SBI FM India Equity A2;   3759,90; 3759,37;2023-08-11
863522;Amundi Funds Volatility World A2;   1047,91; 1047,77;2023-08-11
581371;AP7 Aktiefond;    585,08;  585,08;2023-08-14
545541;AP7 Räntefond;    106,57;  106,57;2023-08-14
715955;Avanza Emerging Markets;    120,36;  120,36;2023-08-11
680124;Avanza Global;    176,04;  176,04;2023-08-11
734491;Avanza Zero ;    350,79;  350,79;2023-08-14
294322;AXA IM Globlal Equity QI B;    289,51;  289,47;2023-08-10
401810;AXA IM Pacific Ex-Japan Equity QI B;    453,07;  453,00;2023-08-11
616797;AXA IM US Equity QI B;    379,72;  379,66;2023-08-11
477729;Baring Asia Growth A;   1125,32; 1125,16;2023-08-14
191080;Baring Global Emerging Markets A;    423,21;  423,16;2023-08-14
262741;Baring Global Resources A;    250,59;  250,55;2023-08-14
334409;Baring Hong Kong China A;  11550,17;11548,58;2023-08-14
235291;Baring Latin America A;    377,56;  377,51;2023-08-14
285990;BL - American Small & Mid Caps B;   2465,59; 2465,24;2023-08-11
551804;BL - Bond Dollar B;    930,12;  929,99;2023-08-11
178509;BL - Bond Emerging Markets Euro B;   1132,54; 1132,39;2023-08-11
153833;BL - Emerging Markets B;   1932,15; 1931,91;2023-08-11
300996;BL - Equities America B;   1063,66; 1063,51;2023-08-11
321828;BL - Equities Asia B;   1079,82; 1079,67;2023-08-11
118000;BL - Equities Dividend B;   2824,22; 2823,86;2023-08-11
336826;BL - Equities Europe B;   1244,18; 1244,02;2023-08-11
142679;BL - Equities Japan B;   1966,81; 1966,55;2023-08-10
250167;BL - European Small & Mid Caps B;   2426,29; 2425,98;2023-08-11
480145;BL - Global 30 B;   1143,14; 1142,99;2023-08-11
444315;BL - Global 50 B;   1182,82; 1182,67;2023-08-11
408484;BL - Global 75 B;   1180,94; 1180,79;2023-08-11
515973;BL - Global Bond Opportunities B;   1052,57; 1052,44;2023-08-11
320358;BL - Global Equities B;   1293,87; 1293,71;2023-08-11
647669;BL - Global Flexible B;   2272,85; 2272,56;2023-08-11
214338;BL - Global Flexible USD B;   1839,69; 1839,43;2023-08-11
749953;BL - Global Impact;   1239,35; 1239,19;2023-08-11
608463;BlackRock - Asian Dragon Fund A2;    476,45;  476,39;2023-08-14
391896;BlackRock - China A2;    165,58;  165,55;2023-08-14
231100;BlackRock - Emerging Markets A2;    399,79;  399,74;2023-08-14
916122;BlackRock - Euro Markets A2;    459,68;  459,62;2023-08-14
696898;BlackRock - European Value A2;   1037,83; 1037,70;2023-08-14
302760;BlackRock - Global Allocation A2;    746,45;  746,35;2023-08-14
572637;BlackRock - Global High Yield Bond Fund A2;    293,96;  293,92;2023-08-14
768499;BlackRock - India A2;    523,51;  523,44;2023-08-14
159442;BlackRock - Japan Small & MidCap A2;    680,85;  680,76;2023-08-14
661066;BlackRock - Latin American A2;    763,91;  763,80;2023-08-14
536806;BlackRock - Natural Resources Growth & Income Fund A2;    139,55;  139,53;2023-08-14
553578;BlackRock - Sustainable Energy A2;    179,13;  179,11;2023-08-14
768556;BlackRock - US Basic Value A2;   1239,61; 1239,43;2023-08-14
804385;BlackRock - US Flexible Equity A2;    612,00;  611,91;2023-08-14
625236;BlackRock - US Mid-Cap Value Fund A2;   3556,93; 3556,44;2023-08-14
517748;BlackRock - World Energy A2;    263,49;  263,46;2023-08-14
410258;BlackRock - World Financials A2;    403,26;  403,21;2023-08-14
338590;BlackRock - World Gold A2;    349,15;  349,11;2023-08-14
374421;BlackRock - World Healthscience A2;    702,97;  702,87;2023-08-14
481911;BlackRock - World Mining A2;    654,28;  654,19;2023-08-14
644294;BlackRock - World Real Estate Securities Fund A2;    152,02;  152,00;2023-08-14
446088;BlackRock - World Technology A2;    682,69;  682,60;2023-08-14
408062;C WorldWide Asia 1A;   1849,43; 1849,18;2023-08-14
515554;C WorldWide Global Equities 1A;   1996,69; 1996,41;2023-08-14
479725;C WorldWide Global Equities Ethical 1A;    365,41;  365,37;2023-08-14
443895;C WorldWide Healthcare Select 1A;   1669,53; 1669,32;2023-08-14
792697;C WorldWide Sweden 1A;    335,53;  335,53;2023-08-14
721035;C WorldWide Sweden Small Cap 1A;    586,47;  586,47;2023-08-14
345497;Captor Dahlia Green Bond A;    263,91;  263,91;2023-08-14
180927;Captor Iris Bond A;    232,20;  232,20;2023-08-14
838383;Carnegie Asia A;    230,31;  230,31;2023-08-14
537639;Carnegie Corporate Bond A;    425,40;  425,40;2023-08-11
320176;Carnegie Fastighetsfond Norden A;    431,45;  431,45;2023-08-14
505586;Carnegie Indienfond A;    791,08;  791,08;2023-08-14
214163;Carnegie Likviditetsfond A;   1244,04; 1244,04;2023-08-14
341362;Carnegie Listed Private Equity A;    563,21;  563,21;2023-08-14
554691;Carnegie Obligationsfond A;    908,29;  908,29;2023-08-14
584912;Carnegie Småbolagsfond A;    465,54;  465,54;2023-08-14
357483;Carnegie Strategifond A;   1914,51; 1914,51;2023-08-14
393314;Carnegie Sverigefond A;   4031,20; 4031,20;2023-08-14
309492;CB European Quality Fund A Cap;   1790,13; 1789,90;2023-08-11
976506;CB Save Earth Fund RC;    311,13;  311,09;2023-08-11
384750;Cicero Avkastning A;    124,47;  124,47;2023-08-14
959502;Cicero Hållbar Mix A;    160,24;  160,24;2023-08-14
422709;Coeli  - Global Select Fund R;    321,46;  321,46;2023-08-14
386870;Coeli - Nordic Corporate Bond Fund R;    110,25;  110,25;2023-08-14
330324;CPR Invest Global Gold Mines A2;    757,93;  757,83;2023-08-11
366154;CPR Invest Global Lifestyles A2;   1003,37; 1003,23;2023-08-11
613729;Danske Invest  SICAV - Global Index Restricted;    292,69;  292,69;2023-08-11
829945;Danske Invest SICAV - Aktiv Förmögenhetsförvaltning SI;   3569,21; 3569,21;2023-08-11
408898;Danske Invest SICAV - Euro Investment Grade Corporate Bond A;    149,25;  149,25;2023-08-10
901181;Danske Invest SICAV - Europe SI;    180,41;  180,41;2023-08-11
252411;Danske Invest SICAV - Global Index SI;   3003,11; 3003,11;2023-08-11
865774;Danske Invest SICAV - Sverige Kort Ränta SI;   1204,39; 1204,39;2023-08-11
901603;Danske Invest SICAV - Sverige Ränta SI;   1050,91; 1050,91;2023-08-11
973263;Danske Invest SICAV - Sverige SI;   5756,97; 5756,97;2023-08-11
184580;Delphi Global A2;   1551,87; 1551,87;2023-08-11
388298;Delphi Nordic Acc;  45951,23;45933,49;2023-08-11
291906;Didner & Gerge Aktiefond;   3588,06; 3588,06;2023-08-14
541235;Didner & Gerge Global;    423,41;  423,41;2023-08-14
140491;Didner & Gerge Småbolag;   1021,52; 1021,52;2023-08-14
219170;DNB Europa Indeks S;    116,60;  116,60;2023-08-11
179093;DNB Fund - Asian Mid Cap Retail A;     88,26;   88,25;2023-08-11
729293;DNB Fund - Nordic Equties Retail A SEK;     68,52;   68,52;2023-08-11
216755;DNB Fund - Renewable Energy Retail A;   2775,75; 2775,39;2023-08-11
326660;DNB Global Emerging Markets S;    104,51;  104,51;2023-08-11
362491;DNB Global Indeks S;    118,28;  118,28;2023-08-11
147512;DNB Grönt Skifte Norden S;    130,60;  130,60;2023-08-11
255001;DNB Health Care S;    164,13;  164,13;2023-08-11
290833;DNB SMB S;    113,43;  113,43;2023-08-11
183343;DNB Teknologi S;    127,67;  127,67;2023-08-11
511890;East Capital China A-shares A;    130,58;  130,58;2023-08-14
623637;East Capital Global Emerging Markets Sustainable A;    226,54;  226,54;2023-08-14
870907;East Capital Global Frontier Markets A;    187,54;  187,54;2023-08-14
134593;Enter Cross Credit A;   1118,08; 1118,08;2023-08-14
643700;Enter Select A;   2893,49; 2893,49;2023-08-14
170423;Enter Sverige A;   3534,79; 3534,79;2023-08-14
664482;Evli Corporate Bond Placeringsfonden B ;   1274,09; 1274,09;2023-08-11
229625;Evli Emerging Markets Credit Placeringsfonden B;   1252,02; 1251,86;2023-08-11
764951;Evli Europa Placeringsfonden B;   1930,46; 1930,21;2023-08-11
570044;Evli Finland Select Placeringsfonden B;    599,69;  599,61;2023-08-11
367987;Evli GEM Placeringsfonden B;   2072,85; 2072,58;2023-08-11
793109;Evli Global Placeringsfonden B;   3845,86; 3845,86;2023-08-11
700310;Evli High Yield Placeringsfonden B;   1600,15; 1600,15;2023-08-11
574582;Evli Likviditet Placeringsfonden B;   1092,18; 1092,18;2023-08-11
668269;Evli Nordic Placeringsfonden B;   3759,57; 3759,09;2023-08-11
621631;Evli Short Corporate Bond Placeringsfonden B;    344,82;  344,78;2023-08-11
610410;Evli Sverige Aktieindex B;   2365,33; 2365,33;2023-08-11
420463;Evli Sverige Småbolag;   7023,17; 7023,17;2023-08-11
850776;Fidelity - America Fund A;    437,83;  437,78;2023-08-14
994095;Fidelity - Asian Pacific Opportunities Fund A;    340,84;  340,80;2023-08-14
922435;Fidelity - Asian Special Situations Fund A;    452,08;  452,02;2023-08-14
886606;Fidelity - China Consumer  Fund A;    220,93;  220,91;2023-08-14
958264;Fidelity - China Focus Fund A;    116,13;  116,12;2023-08-14
313320;Fidelity - Emerging Asia Fund A;    341,67;  341,63;2023-08-14
349150;Fidelity - Emerging Markets Funds A;    173,92;  173,90;2023-08-14
814947;Fidelity - European Dynamic Growth Fund A;    385,60;  385,55;2023-08-14
277491;Fidelity - Global High  Yield Fund A;    154,95;  154,93;2023-08-14
976928;Folksam LO Sverige;    496,04;  496,04;2023-08-14
941096;Folksam LO Världen;    320,48;  320,48;2023-08-14
356063;Fondita European Small Cap Placeringsfond B;   4131,50; 4130,98;2023-08-14
202002;Fondita Global Megatrends Placeringsfond B;   1183,96; 1183,81;2023-08-14
364323;Fondita Healthcare Placeringsfond B;   1649,23; 1649,02;2023-08-14
785493;Fondita Nordic Micro Cap Placeringsfond B;   4254,44; 4253,90;2023-08-14
237834;Fondita Nordic Small Cap Placeringsfond B;   2146,55; 2146,27;2023-08-14
566556;Fondita Sustainable Europe Placeringfond;   2397,98; 2397,67;2023-08-14
389239;Franklin Biotechnology Discovery Fund;    365,47;  365,42;2023-08-11
170894;Franklin India Fund A ;    579,85;  579,77;2023-08-11
717496;Franklin Mutual Global Discovery Fund A;    260,53;  260,50;2023-08-11
532558;Franklin Natural Resources Fund A;     88,88;   88,87;2023-08-11
496729;Franklin Technology Fund A;    379,29;  379,23;2023-08-11
384107;Franklin U.S. Opportunities Fund A;    271,35;  271,31;2023-08-11
201111;GodFond Sverige & Världen;    410,36;  410,36;2023-08-14
992099;Goldman Sachs Asia Equity Growth & Income P;  11840,34;11838,70;2023-08-14
899773;Goldman Sachs Europe Equity P;    983,93;  983,81;2023-08-14
899352;Goldman Sachs Europe Sustainable Equity P;   5750,70; 5749,97;2023-08-14
848770;Goldman Sachs Eurozone Equity P;   2347,05; 2346,76;2023-08-14
935180;Goldman Sachs Global Convertible Bond Opportunities P;   1494,66; 1494,47;2023-08-14
523050;Goldman Sachs Global Equity Impact Opportunities P;   6241,12; 6240,34;2023-08-14
401695;Goldman Sachs Global Social Impact Equity P;  21851,64;21848,61;2023-08-14
666370;Goldman Sachs Greater China Equity P;  11874,93;11873,29;2023-08-14
971010;Goldman Sachs Green Bond P;     82,70;   82,70;2023-08-14
920439;Goldman Sachs Japan Equity P (Former NN);    565,34;  565,19;2023-08-14
857037;Goldman Sachs Protection P;    366,25;  366,20;2023-08-14
929224;Handelsbanken  USA Index Criteria A1;    751,59;  751,59;2023-08-14
840033;Handelsbanken Amerika Tema A1;   1946,12; 1946,12;2023-08-14
504100;Handelsbanken Asien Tema A1;    837,15;  837,15;2023-08-14
750075;Handelsbanken Emerging Markets Index A1;    190,05;  190,05;2023-08-14
629543;Handelsbanken Europa Index Criteria A1;    185,76;  185,76;2023-08-14
785907;Handelsbanken Global Index Criteria A1;    464,78;  464,78;2023-08-14
549552;Handelsbanken Global Småbolag Index Criteria A1;    166,09;  166,09;2023-08-14
123679;Handelsbanken Global Tema A1;    875,06;  875,06;2023-08-14
644005;Handelsbanken Hälsovård Tema A1;    429,50;  429,50;2023-08-14
687509;Handelsbanken Hållbar Energi A1;    383,29;  383,29;2023-08-14
617670;Handelsbanken Kina Tema A1;    256,39;  256,39;2023-08-14
718205;Handelsbanken Kortränta A1;    148,09;  148,09;2023-08-14
679837;Handelsbanken Latinamerika Impact Tema A1;    344,69;  344,69;2023-08-14
524702;Handelsbanken Långränta A1;    104,70;  104,70;2023-08-14
811117;Handelsbanken Norden Tema A1;   1663,08; 1663,08;2023-08-14
751495;Handelsbanken Nordiska Småbolag A1;   1446,80; 1446,80;2023-08-14
167114;Handelsbanken Pension 40 A12;    154,00;  154,00;2023-08-11
314682;Handelsbanken Pension 50 A12;    214,04;  214,04;2023-08-11
350512;Handelsbanken Pension 60 A12;    327,32;  327,32;2023-08-11
278853;Handelsbanken Pension 70 A12;    375,68;  375,68;2023-08-11
243022;Handelsbanken Pension 80 A12;    377,80;  377,80;2023-08-11
952010;Handelsbanken Svenska Småbolag A1;   2073,10; 2073,10;2023-08-14
465914;Handelsbanken Sverige 100 Index Criteria A1;    357,11;  357,11;2023-08-14
916189;Handelsbanken Sverige Tema A1;   2936,04; 2936,04;2023-08-14
987842;Handelsbanken Tillväxtmarknad Tema A1;    405,20;  405,20;2023-08-14
500976;HealthInvest Alpha Fund;    150,59;  150,59;2023-08-11
282632;Holberg Global A;    535,48;  535,28;2023-08-14
980284;Holberg Kreditt ;    116,44;  116,39;2023-08-14
354290;Holberg Norden;    736,21;  735,92;2023-08-14
318469;Holberg Norge;    996,66;  996,28;2023-08-14
712299;Humle Småbolagsfond A;    589,39;  589,39;2023-08-14
307306;Indecap Guide 1 C;    111,63;  111,63;2023-08-11
271478;Indecap Guide 2 C;    206,39;  206,39;2023-08-11
106849;Indecap Guide Sverige C;    230,21;  230,21;2023-08-11
233585;JPMorgan China A;    702,43;  702,33;2023-08-14
305243;JPMorgan Emerging Markets Equity A ;    408,36;  408,30;2023-08-14
676460;Kotak Funds - India ESG A;    232,80;  232,76;2023-08-14
895699;Kotak Funds - India Midcap A;    332,84;  332,80;2023-08-14
224493;KPA Etisk Blandfond 2;    386,52;  386,52;2023-08-14
182759;Lannebo Europa Småbolag A;     15,33;   15,33;2023-08-14
878520;Lannebo Mixfond;     32,59;   32,59;2023-08-14
861104;Lannebo Mixfond Offensiv A;    282,32;  282,32;2023-08-14
478313;Lannebo Räntefond Kort;    120,78;  120,78;2023-08-14
842690;Lannebo Småbolag;    141,90;  141,90;2023-08-14
806869;Lannebo Sverige;     58,14;   58,14;2023-08-14
146928;Lannebo Sverige Hållbar A;   2118,45; 2118,45;2023-08-14
490292;Lannebo Sverige Plus;     79,03;   79,03;2023-08-14
771030;Lannebo Teknik;     17,88;   17,88;2023-08-14
385401;Länsförsäkringar Asienfond A;    189,18;  189,18;2023-08-14
492306;Länsförsäkringar Europa Aktiv A;    651,93;  651,93;2023-08-14
479840;Länsförsäkringar Europa Index;    312,81;  312,81;2023-08-14
313742;Länsförsäkringar Fastighetsfond A;   5352,60; 5352,60;2023-08-14
874560;Länsförsäkringar Företagsobligation Vision ;    106,36;  106,36;2023-08-14
658997;Länsförsäkringar Global Index;    394,30;  394,30;2023-08-14
563965;Länsförsäkringar Global Vision A;     77,51;   77,51;2023-08-14
470104;Länsförsäkringar Japan Index;    159,01;  159,01;2023-08-14
420646;Länsförsäkringar Kort Räntefond;    106,41;  106,41;2023-08-14
242081;Länsförsäkringar Lång Räntefond A;    158,43;  158,43;2023-08-14
599795;Länsförsäkringar Mix Vision A;    481,81;  481,81;2023-08-14
515676;Länsförsäkringar Småbolag Sverige Vision A;   1459,98; 1459,98;2023-08-14
814772;Länsförsäkringar Sparmål 2015;    227,33;  227,33;2023-08-11
778944;Länsförsäkringar Sparmål 2020;    253,22;  253,22;2023-08-11
743112;Länsförsäkringar Sparmål 2025;    314,90;  314,90;2023-08-11
707281;Länsförsäkringar Sparmål 2030;    350,58;  350,58;2023-08-11
671453;Länsförsäkringar Sparmål 2035;    196,95;  196,95;2023-08-11
635623;Länsförsäkringar Sparmål 2040;    204,76;  204,76;2023-08-11
832360;Länsförsäkringar Sparmål 2045;    248,50;  248,50;2023-08-11
587337;Länsförsäkringar Sverige Index;    455,19;  455,19;2023-08-14
528133;Länsförsäkringar Sverige Vision A;   2536,69; 2536,69;2023-08-14
206250;Länsförsäkringar Tillväxtmarknad Aktiv A;    390,30;  390,30;2023-08-14
434274;Länsförsäkringar Tillväxtmarknad Index A;    177,86;  177,86;2023-08-14
456475;Länsförsäkringar USA Aktiv A;    804,98;  804,98;2023-08-14
551507;Länsförsäkringar USA Index;    759,74;  759,74;2023-08-14
117002;Lärarfond Balanserad;     29,91;   29,91;2023-08-11
981175;Lärarfond Försiktig;     17,54;   17,54;2023-08-11
152835;Lärarfond Offensiv;     39,94;   39,94;2023-08-11
615310;Naventi Balanserad Flex;    185,81;  185,81;2023-08-14
447086;Naventi Defensiv Flex;    140,33;  140,33;2023-08-14
727057;Naventi Offensiv Flex;    259,75;  259,75;2023-08-14
494427;Nordea Asian Stars;    351,56;  351,56;2023-08-14
564849;Nordea European Stars;  25426,93;25426,93;2023-08-14
430975;Nordea Generationsfond 50-tal;    134,10;  134,10;2023-08-14
359315;Nordea Generationsfond 60-tal;    213,57;  213,57;2023-08-14
287656;Nordea Generationsfond 70-tal;    229,12;  229,12;2023-08-14
215996;Nordea Generationsfond 80-tal;    218,32;  218,32;2023-08-14
596429;Nordea Generationsfond 90-tal;    270,62;  270,62;2023-08-14
502633;Nordea Generationsfond Senior;     84,93;   84,93;2023-08-14
282517;Nordea Global;      7,48;    7,48;2023-08-14
995571;Nordea Globala Tillväxtmarknader ;    318,14;  318,14;2023-08-14
469692;Nordea Indienfond;    405,58;  405,58;2023-08-14
653097;Nordea Kinafond;    249,35;  249,35;2023-08-14
861757;Nordea Nordic;      2,89;    2,89;2023-08-14
648964;Nordea Obligationsfond;    115,06;  115,06;2023-08-14
131409;Nordea Realräntefond;    161,67;  161,67;2023-08-14
286294;Nordea Småbolagsfond Norden;    241,69;  241,69;2023-08-14
840090;Nordea Stratega Ränta;    125,27;  125,27;2023-08-14
613133;Nordea Swedish Bond Stars;     97,92;   97,92;2023-08-14
203067;Nordea Swedish Stars;   3840,26; 3840,26;2023-08-14
419101;Odin Emerging Markets C;    384,35;  384,20;2023-08-14
280867;Odin Europa C;    243,43;  243,34;2023-08-14
332156;Odin Fastighet C;   1252,14; 1251,65;2023-08-14
562421;Odin Global C;    479,37;  479,18;2023-08-14
598557;Odin Norden C;   4323,32; 4321,65;2023-08-14
562728;Odin Norge C ;   5316,89; 5314,84;2023-08-14
450981;Odin Sverige C;   8241,84; 8238,66;2023-08-14
165755;Pareto Aksje Norge B;   3284,64; 3283,37;2023-08-11
606103;Pareto ESG Global Corporate Bond A;    106,99;  106,99;2023-08-11
167643;Pareto Global B;   4017,78; 4017,78;2023-08-11
129924;Pareto Nordic Corporate Bond C;   1135,27; 1135,27;2023-08-11
917955;Pictet Asian  Equities Ex Japan R;   2413,94; 2413,60;2023-08-14
260919;Pictet Biotech R;   7249,29; 7248,29;2023-08-14
882126;Pictet China Equities R;   4300,99; 4300,40;2023-08-14
887497;Pictet Clean Energy Transition R;   1433,59; 1433,39;2023-08-14
296749;Pictet Digital R;   3883,74; 3883,21;2023-08-14
404236;Pictet Emerging Markets R;   5207,60; 5206,88;2023-08-14
280925;Pictet EUR Bonds R;   5216,95; 5216,28;2023-08-11
316752;Pictet Global Bonds R;   1570,69; 1570,47;2023-08-11
173435;Pictet Global Emerging Debt R;   3538,45; 3537,95;2023-08-11
690693;Pictet Global Megatrend Selection R;   3268,60; 3268,15;2023-08-14
688986;Pictet Health R;   3092,08; 3091,65;2023-08-14
874271;Pictet Indian Equities R;   6645,75; 6644,83;2023-08-14
910109;Pictet Japanese Equity Opportunities R;   1066,43; 1066,15;2023-08-14
923383;Pictet Premium Brands R;   2725,29; 2724,95;2023-08-14
810465;Pictet Quest Europe Sustainable Equities R;   3823,43; 3822,95;2023-08-14
968891;Pictet Security R;   2879,66; 2879,26;2023-08-14
755033;Pictet Timber R;   2231,55; 2231,24;2023-08-14
189258;Pictet Water R;   4654,22; 4653,63;2023-08-14
241661;Pictet-Emerging Corporate Bonds R ;   1212,93; 1212,76;2023-08-11
859868;PLUS Småbolag Sverige Index ;    167,74;  167,74;2023-08-14
487108;Prior & Nilsson Realinvest A;   3523,10; 3523,10;2023-08-14
328021;Prior & Nilsson Sverige Aktiv A;   4004,94; 4004,94;2023-08-14
670091;S-Banken Emerging Markets ESG Aktie A;    206,39;  206,36;2023-08-14
755090;S-Banken Europa Aktie A;    202,07;  202,05;2023-08-14
324665;S-Banken Fenno Aktie A;   4102,16; 4101,64;2023-08-14
360495;S-Banken USA Aktie A;    573,32;  573,25;2023-08-14
301580;SEB Aktiesparfond;     24,47;   24,47;2023-08-14
914945;SEB Asienfond ex Japan;     22,98;   22,98;2023-08-14
639633;SEB Asset Selection Fund C;    204,21;  204,21;2023-08-14
651679;SEB Dynamic Bond Fund C;    100,38;  100,38;2023-08-14
520759;SEB Dynamisk Aktiefond;     23,08;   23,08;2023-08-14
950774;SEB Emerging Marketsfond;     29,22;   29,22;2023-08-11
122432;SEB Europafond;     17,20;   17,20;2023-08-14
556589;SEB Europafond Småbolag;    110,96;  110,96;2023-08-14
698952;SEB Global Aktiefond;     29,24;   29,24;2023-08-14
882358;SEB Global High Yield Fund C;    180,90;  180,90;2023-08-11
405704;SEB Green Bond Fund C;     93,94;   93,94;2023-08-11
229922;SEB Läkemedelsfond;     29,10;   29,10;2023-08-14
916354;SEB Nordamerikafond Små och Medelstora Bolag A;   4606,14; 4606,14;2023-08-14
484923;SEB Nordenfond;     49,98;   49,98;2023-08-14
997403;SEB Pension Fund C;    185,29;  185,29;2023-08-11
496497;SEB Realräntefond D;     13,28;   13,28;2023-08-14
158261;SEB Sverige Expanderad;     30,55;   30,55;2023-08-14
846527;SEB Sweden Equity Fund C;    144,28;  144,28;2023-08-14
194092;SEB Teknologifond ;     81,43;   81,43;2023-08-11
879114;SEB Världenfond;     20,90;   20,90;2023-08-11
383159;SEB Östeuropafond Små och Medelstora Bolag ex Ryssland C;     35,40;   35,40;2023-08-11
443721;Seligson & Co Euroobligation A;     41,86;   41,85;2023-08-14
479550;Seligson & Co Global Top 25 Brands A;    184,21;  184,19;2023-08-14
416982;Seligson & Co Global Top 25 Pharmaceuticals A;    524,63;  524,56;2023-08-14
303701;Sensor Sverige Select;    347,83;  347,83;2023-08-14
832717;Simplicity Företagsobligationer A;    129,40;  129,40;2023-08-14
934711;Simplicity Global Corporate Bond A;    122,00;  122,00;2023-08-14
418699;Simplicity Likviditet A;    116,72;  116,72;2023-08-14
484980;Simplicity Norden ;    812,99;  812,99;2023-08-14
153007;SKAGEN Focus D;    204,84;  204,76;2023-08-14
984187;SKAGEN Global E;   3348,46; 3347,17;2023-08-14
501981;SKAGEN Kon-Tiki F;   1122,58; 1122,14;2023-08-14
260497;SKAGEN m2 C;    252,55;  252,45;2023-08-14
296327;SKAGEN Vekst C;   4597,07; 4595,29;2023-08-14
546960;Skandia Balanserad;    490,81;  490,81;2023-08-14
654459;Skandia Europa Exponering;    819,54;  819,54;2023-08-14
403642;Skandia Försiktig;    207,43;  207,43;2023-08-14
545426;Skandia Global Exponering A;    381,67;  381,67;2023-08-14
582791;Skandia Japan Exponering;    283,19;  283,19;2023-08-14
331983;Skandia Korträntefond;    133,37;  133,37;2023-08-14
256362;Skandia Nordamerika Exponering;    504,83;  504,83;2023-08-14
726117;Skandia Obligationsfond;    167,94;  167,94;2023-08-14
469817;Skandia Realräntefond;    150,04;  150,04;2023-08-14
103606;Skandia Småbolag Sverige;   1101,15; 1101,15;2023-08-14
732959;Skandia Sverige;    149,27;  149,27;2023-08-14
292193;Skandia Sverige Exponering A;    274,00;  274,00;2023-08-14
439471;Skandia Time Global;    671,91;  671,91;2023-08-14
511139;Skandia USA;   1989,27; 1989,27;2023-08-14
475301;Skandia Världen;    815,15;  815,15;2023-08-14
272898;Spiltan Aktiefond Småland;    828,42;  828,42;2023-08-14
339184;Spiltan Aktiefond Stabil ;   1146,71; 1146,71;2023-08-14
465147;Spiltan Globalfond Investmentbolag;    238,55;  238,55;2023-08-14
560599;Spiltan Högräntefond;    115,79;  115,79;2023-08-14
972497;Spiltan Räntefond Sverige;    131,90;  131,90;2023-08-14
152181;Spiltan Småbolagsfond;   1210,87; 1210,87;2023-08-14
391482;SPP Generation 40-tal;    270,87;  270,87;2023-08-14
427310;SPP Generation 50-tal;    428,31;  428,31;2023-08-14
463141;SPP Generation 60-tal;    749,21;  749,21;2023-08-14
498972;SPP Generation 70-tal;    366,18;  366,18;2023-08-14
844522;SPP Generation 80-tal;    192,82;  192,82;2023-08-14
459891;Storebrand Emerging Markets A;    172,36;  172,36;2023-08-14
429316;Storebrand Emerging Markets Plus A;    194,11;  194,11;2023-08-14
140673;Storebrand Europa A;    213,78;  213,78;2023-08-14
331686;Storebrand FRN Företagsobligation A;    116,52;  116,52;2023-08-14
407064;Storebrand Global All Countries A;    226,39;  226,39;2023-08-14
126268;Storebrand Global Företagsobligation A;     97,09;   97,09;2023-08-14
912220;Storebrand Global Low Volatility A;    291,73;  291,73;2023-08-14
162099;Storebrand Global Multifactor A;    167,19;  167,19;2023-08-14
393488;Storebrand Global Plus A;    268,06;  268,06;2023-08-14
184119;Storebrand Global Solutions A;    434,74;  434,74;2023-08-14
721506;Storebrand Grön Obligation A;    100,08;  100,08;2023-08-14
176503;Storebrand Japan A;    120,30;  120,30;2023-08-14
442897;Storebrand Kortränta A;    121,30;  121,30;2023-08-14
534800;Storebrand Obligation A;    137,67;  137,67;2023-08-14
212332;Storebrand Sverige A;    437,06;  437,06;2023-08-14
357658;Storebrand Sverige Plus A;    189,99;  189,99;2023-08-14
248161;Storebrand USA A;    483,18;  483,18;2023-08-14
978981;Swedbank Robur Access Asien A;    309,97;  309,97;2023-08-14
755504;Swedbank Robur Access Europa A;    211,02;  211,02;2023-08-14
114819;Swedbank Robur Access Global A;    262,92;  262,92;2023-08-14
719674;Swedbank Robur Access Sverige A;    254,76;  254,76;2023-08-14
150649;Swedbank Robur Access USA A;    569,00;  569,00;2023-08-14
785022;Swedbank Robur Aktiefond Pension;     47,34;   47,34;2023-08-14
968420;Swedbank Robur Fastighet A;     63,75;   63,75;2023-08-14
928341;Swedbank Robur Healthcare A;     37,59;   37,59;2023-08-14
749192;Swedbank Robur Mixfond Pension;     26,29;   26,29;2023-08-14
820852;Swedbank Robur Nordenfond;    163,57;  163,57;2023-08-14
677534;Swedbank Robur Obligation A;     12,56;   12,56;2023-08-14
717611;Swedbank Robur Räntefond Kort A;    102,50;  102,50;2023-08-14
896761;Swedbank Robur Småbolagsfond Europa A;     45,53;   45,53;2023-08-14
856682;Swedbank Robur Småbolagsfond Sverige A;    198,95;  198,95;2023-08-14
283408;Swedbank Robur Technology A;    908,09;  908,09;2023-08-14
855387;Swedbank Robur Transfer 50;    164,99;  164,99;2023-08-14
819557;Swedbank Robur Transfer 60;    249,40;  249,40;2023-08-14
783720;Swedbank Robur Transfer 70;    367,01;  367,01;2023-08-14
747899;Swedbank Robur Transfer 80;    411,51;  411,51;2023-08-14
320762;Swedbank Robur Transfer 90;    329,35;  329,35;2023-08-14
425067;Templeton Emerging Markets Fund A;    449,75;  449,69;2023-08-11
666495;Templeton European Opportunities Fund A;    171,35;  171,32;2023-08-11
460899;Templeton Global Bond Fund A;     10,01;   10,01;2023-08-11
660704;TRIGON - New Europe Fund E;    590,38;  590,31;2023-08-14
861229;Tundra Sustainable Frontier Fund A;    260,15;  260,15;2023-08-14
780411;UB Infra Placeringsfond A;   2162,21; 2161,94;2023-08-14
144501;Ålandsbanken Euro Bond S Placeringsfond;    304,23;  304,23;2023-08-11
955435;Ålandsbanken Euro High Yield B Placeringsfond;    515,92;  515,86;2023-08-11
238832;Ålandsbanken Europa Aktie B Placeringsfond;    514,86;  514,80;2023-08-11
989491;Ålandsbanken Global Aktie B Placeringsfond;    184,18;  184,16;2023-08-11
123901;Ålandsbanken Kapitalförvaltning Placeringsfond;    345,73;  345,73;2023-08-11
521104;Ålandsbanken Norden Aktie S Placeringsfond;   1748,99; 1748,99;2023-08-11
295857;Öhman Emerging Markets A;    238,75;  238,75;2023-08-11
660829;Öhman FRN A;    113,91;  113,91;2023-08-11
104786;Öhman Företagsobligationsfond A;    117,44;  117,44;2023-08-11
964767;Öhman Global A;    414,58;  414,58;2023-08-11
163923;Öhman Global Growth A;   1227,60; 1227,60;2023-08-11
294918;Öhman Kort Ränta A;     95,99;   95,99;2023-08-11
570630;Öhman Marknad Europa A;    234,79;  234,79;2023-08-11
199753;Öhman Marknad Global A;    214,78;  214,78;2023-08-11
642298;Öhman Marknad Pacific A;    349,10;  349,10;2023-08-11
577833;Öhman Marknad Sverige Bred A;    371,03;  371,03;2023-08-11
678128;Öhman Marknad USA A;    444,68;  444,68;2023-08-11
513722;Öhman Obligationsfond A;     92,43;   92,43;2023-08-11
844100;Öhman Realräntefond A;    120,19;  120,19;2023-08-11
694539;Öhman Småbolagsfond A;   5647,33; 5647,33;2023-08-11
904904;Öhman Sverige A;    198,99;  198,99;2023-08-11
416867;Öhman Sweden Micro Cap;   1539,12; 1539,12;2023-08-11
